<?xml version="1.0" encoding="UTF-8"?>

<component name="entryScene" extends="Scene">
    <script type="text/brightscript" uri="entryscene.brs" />
    <script type="text/brightscript" uri="pkg:/source/utils.brs" />
    <script type="text/brightscript" uri="/UILogic/contentTask.brs"/>
    <script type="text/brightscript" uri="/UILogic/detailScr.brs"/>    
    <script type="text/brightscript" uri="/UILogic/episodeScr.brs"/>
    <script type="text/brightscript" uri="/UILogic/gridScr.brs"/>
    <script type="text/brightscript" uri="/UILogic/scrStack.brs"/>
    <script type="text/brightscript" uri="/UILogic/videoPlayer.brs" />
    <children>
        <overhang
        id="overHang"
        showOptions="false"
        showClock="true"
        logoUri="pkg:/images/hd_overhang_logo"
        translation="[0,30]"
        
        />
        
        <label
        id="loadingIndicator"
        text="Danger..."
        width="2000"
        height="700"
        translation="[0,80]"
        horizAlign="center"
        vertAlign="center"
        visible="false"
        font="LargeBoldSystemFont"
        />
        
    </children>
</component>