<?xml version="1.0" encoding="UTF-8"?>

<component  name="gridScr1" extends="Group"  initialFocus="largeGrid"> 
    <script type="text/brightscript" uri="gridScr1.brs" />
    <script type="text/brightscript" uri="pkg:/source/utils.brs"/>
    <interface>
        
        <field id="content" type="node" alias="largeGrid.content"/>
        <field id="rowItemSelected" type="intarray" alwaysnotify="true" alias="largeGrid.rowItemSelected" />
        <field id="jumpToRowItem" type="intarray" alias="largeGrid.jumpToRowItem" />
        
    </interface>
    <children>
        <label id="titleLabel" 
        width="1020"
        translation="[50,0]"
        />
        <label 
        id="descLabel"
        width="1020"
        numlines="3"
        wrap="true"
        translation="[50,100]"
        />
        <RowList
        id="largeGrid"
        itemComponentName="RowListItemComponent"
        numRows="2"
        rowitemSize="[[320,120]]"
        rowItemSpacing="[20,0]"
        itemSize="[1100,270]"
        rowLabelOffset="[[50,20]]"
        focusXOffset="[50]"
        showRowLabel="[true]"
        rowFocusAnimationStyle="floatingFocus"
        />
    </children>

</component>
