<?xml version="1.0" encoding="UTF-8"?>

<component name="detailScreen" extends="Group" initialFocus="buttons" xsi:noNameSpaceSchemaLocation="https://devtools.web.roku.com/schema/RokuSceneGraph.xsd">
    <script type="text/brightscript" uri="pkg:/source/utils.brs" />
    <script type="text/brightscript" uri="detailScreen.brs"/>    
    
    <interface>
        <field id="content" type="node" />
        <field id="jumpToItem" type="integer" onChange="onJumpToItem" value="0" alwaysnotify="true" />
        <field id="itemFocused" type="integer" alwaysNotify="true" />
        <field id="buttonSelected" type="integer" alias="buttons" />

    </interface>
    <children>
        <layOutGroup
        translation="[1166,154]"
        layoutDirection="horiz"
        horizAlignment="right"
        itemSpacing="[40]" >
            <layoutGroup
            itemSpacing="[14,10]"
            layoutDirection="vert">
                <Rectangle
                width="357"
                height="201"
                color="0xffffff00">
                <poster
                    id="poster"
                    width="357"
                    loadWidth="357"
                    height="201"
                    loadHeight="201"
                    loadDisplayMode="scaleToFit"
                />

                </Rectangle>
                <Label
                id="itemLabel"
                maxLines="2"
                width="357"
                wrap="true"
                horizAlign="right"
                />
                <Label 
                id="timeLabel"
                width="357"
                wrap="false"
                horizAlign="right"
                />
            </layoutGroup>
            <group>
                <labelList  
                id="buttons"
                numRows="3"
                itemSpacing="[0,10]"
                itemSize="[593,48]"
                />
            <layoutGroup
                itemSpacing="[40]"
                translation="[0,208]">
                <Label
                id="descriptionLabel"
                wrap="true"
                maxLines="6"
                width="593"
                />
                <Label 
                id="releaseLabel"
                wrap="false"
                width="520"
                />
            </layoutGroup>
            </group>
        </layOutGroup>       
    </children>
</component> 